[{"STR": 14, "CRR": 116, "CRB": 10, "REC": 72, "MP": 0}, {"STR": 8, "CRR": 20, "CRB": 12, "REC": 57, "MP": 3}, {"STR": 8, "CRR": 176, "CRB": 15, "REC": 59, "MP": 1}, {"STR": 11, "CRR": 36, "CRB": 5, "REC": 60, "MP": -2}, {"STR": 7, "CRR": 147, "CRB": 5, "REC": 28, "MP": 0}, {"STR": 12, "CRR": 69, "CRB": 6, "REC": 39, "MP": 1}, {"STR": 12, "CRR": 125, "CRB": 5, "REC": 54, "MP": -1}, {"STR": 5, "CRR": 115, "CRB": 6, "REC": 23, "MP": 1}, {"STR": 14, "CRR": 70, "CRB": 13, "REC": 73, "MP": -1}, {"STR": 5, "CRR": 171, "CRB": 11, "REC": 51, "MP": -2}, {"STR": 10, "CRR": 42, "CRB": 5, "REC": 15, "MP": -2}, {"STR": 11, "CRR": 24, "CRB": 8, "REC": 62, "MP": 3}, {"STR": 3, "CRR": 7, "CRB": 12, "REC": 39, "MP": -2}, {"STR": 11, "CRR": 102, "CRB": 5, "REC": 81, "MP": 3}, {"STR": 12, "CRR": 36, "CRB": 0, "REC": 44, "MP": 3}, {"STR": 11, "CRR": 132, "CRB": 6, "REC": 6, "MP": 0}, {"STR": 10, "CRR": 89, "CRB": 11, "REC": 83, "MP": 3}, {"STR": 11, "CRR": 112, "CRB": 16, "REC": 64, "MP": -2}, {"STR": 9, "CRR": 0, "CRB": 10, "REC": 63, "MP": -2}, {"STR": 5, "CRR": 186, "CRB": 13, "REC": 28, "MP": 3}, {"STR": 3, "CRR": 150, "CRB": 9, "REC": 81, "MP": -1}, {"STR": 12, "CRR": 97, "CRB": 16, "REC": 75, "MP": 2}]